ID, Name, PhotUrl
507310091, Suzanne Garrett, https://randomuser.me/api/portraits/women/17.jpg
540175106, Curtis Vasquez, https://randomuser.me/api/portraits/men/58.jpg
515617367, Kim Vargas, https://randomuser.me/api/portraits/women/54.jpg
50467353, Armando Dixon, https://randomuser.me/api/portraits/men/5.jpg
537589381, Meghan Robinson, https://randomuser.me/api/portraits/women/42.jpg
487678210, Susan Hart, https://randomuser.me/api/portraits/women/21.jpg
345699580, Norman Owens, https://randomuser.me/api/portraits/men/3.jpg
497908101, Mason Gregory, https://randomuser.me/api/portraits/men/70.jpg
268444278, Marion Myers, https://randomuser.me/api/portraits/women/80.jpg
629540615, Ethel Rose, https://randomuser.me/api/portraits/women/56.jpg
